UnitID,Institution Name,Institution (entity) name (HD2016),State abbreviation (HD2016),Institution size category (HD2016),Historically Black College or University (HD2016),Carnegie Classification 2015: Basic (HD2016),
180203,Aaniiih Nakoda College,Aaniiih Nakoda College,MT,1,2,33,
138558,Abraham Baldwin Agricultural College,Abraham Baldwin Agricultural College,GA,2,2,23,
126182,Adams State University,Adams State University,CO,2,2,18,
126207,Aims Community College,Aims Community College,CO,3,2,8,
200697,Air Force Institute of Technology-Graduate School of Engineering & Management,Air Force Institute of Technology-Graduate School of Engineering & Management,OH,1,2,17,
100654,Alabama A & M University,Alabama A & M University,AL,3,1,18,
100724,Alabama State University,Alabama State University,AL,3,1,19,
138716,Albany State University,Albany State University,GA,2,1,19,
175342,Alcorn State University,Alcorn State University,MS,2,1,19,
168607,Alpena Community College,Alpena Community College,MI,2,2,4,
222831,Angelo State University,Angelo State University,TX,3,2,18,
109350,Antelope Valley Community College District,Antelope Valley College,CA,4,2,1,
197869,Appalachian State University,Appalachian State University,NC,4,2,18,
126289,Arapahoe Community College,Arapahoe Community College,CO,4,2,9,
104151,Arizona State University Campus Immersion,Arizona State University-Tempe,AZ,5,2,15,
483124,Arizona State University Digital Immersion,Arizona State University-Skysong,AZ,5,2,17,
106458,Arkansas State University,Arkansas State University-Main Campus,AR,4,2,18,
106467,Arkansas Tech University,Arkansas Tech University,AR,4,2,18,
100812,Athens State University,Athens State University,AL,2,2,22,
138901,Atlanta Metropolitan State College,Atlanta Metropolitan State College,GA,2,2,14,
100858,Auburn University,Auburn University,AL,5,2,16,
100830,Auburn University at Montgomery,Auburn University at Montgomery,AL,2,2,18,
482149,Augusta University,Augusta University,GA,3,2,16,
222992,Austin Community College District,Austin Community College District,TX,5,2,6,
219602,Austin Peay State University,Austin Peay State University,TN,4,2,18,
109819,Bakersfield College,Bakersfield College,CA,5,2,4,
150136,Ball State University,Ball State University,IN,5,2,16,
380359,Bay Mills Community College,Bay Mills Community College,MI,1,2,33,
234669,Bellevue College,Bellevue College,WA,4,2,14,
234696,Bellingham Technical College,Bellingham Technical College,WA,2,2,9,
173124,Bemidji State University,Bemidji State University,MN,3,2,20,
234711,Big Bend Community College,Big Bend Community College,WA,2,2,5,
196079,Binghamton University,SUNY at Binghamton,NY,4,2,16,
200022,Bismarck State College,Bismarck State College,ND,2,2,14,
219046,Black Hills State University,Black Hills State University,SD,2,2,20,
237215,Bluefield State University,Bluefield State College,WV,2,1,22,
142115,Boise State University,Boise State University,ID,5,2,17,
162007,Bowie State University,Bowie State University,MD,3,1,18,
201432,Bowling Green State University-Firelands,Bowling Green State University-Firelands,OH,2,2,1,
201441,Bowling Green State University-Main Campus,Bowling Green State University-Main Campus,OH,4,2,16,
223506,Brazosport College,Brazosport College,TX,2,2,14,
165024,Bridgewater State University,Bridgewater State University,MA,4,2,18,
132709,Broward College,Broward College,FL,5,2,14,
110422,California Polytechnic State University-San Luis Obispo,California Polytechnic State University-San Luis Obispo,CA,5,2,18,
115755,California State Polytechnic University-Humboldt,Humboldt State University,CA,3,2,19,
110529,California State Polytechnic University-Pomona,California State Polytechnic University-Pomona,CA,5,2,18,
111188,California State University Maritime Academy,California State University Maritime Academy,CA,2,2,22,
110486,California State University-Bakersfield,California State University-Bakersfield,CA,3,2,18,
441937,California State University-Channel Islands,California State University-Channel Islands,CA,3,2,20,
110538,California State University-Chico,California State University-Chico,CA,4,2,18,
110547,California State University-Dominguez Hills,California State University-Dominguez Hills,CA,4,2,18,
110574,California State University-East Bay,California State University-East Bay,CA,4,2,18,
110556,California State University-Fresno,California State University-Fresno,CA,5,2,17,
110565,California State University-Fullerton,California State University-Fullerton,CA,5,2,17,
110583,California State University-Long Beach,California State University-Long Beach,CA,5,2,18,
110592,California State University-Los Angeles,California State University-Los Angeles,CA,5,2,18,
409698,California State University-Monterey Bay,California State University-Monterey Bay,CA,3,2,19,
110608,California State University-Northridge,California State University-Northridge,CA,5,2,18,
110617,California State University-Sacramento,California State University-Sacramento,CA,5,2,18,
110510,California State University-San Bernardino,California State University-San Bernardino,CA,5,2,18,
366711,California State University-San Marcos,California State University-San Marcos,CA,4,2,19,
110495,California State University-Stanislaus,California State University-Stanislaus,CA,3,2,18,
206914,Cameron University,Cameron University,OK,2,2,19,
433174,Carolinas College of Health Sciences,Carolinas College of Health Sciences,NC,1,2,10,
439190,Cascadia College,Cascadia College,WA,2,2,2,
230834,Castleton University,Castleton University,VT,2,2,22,
128771,Central Connecticut State University,Central Connecticut State University,CT,4,2,18,
169248,Central Michigan University,Central Michigan University,MI,5,2,16,
201672,Central Ohio Technical College,Central Ohio Technical College,OH,2,2,3,
201690,Central State University,Central State University,OH,2,1,22,
234827,Central Washington University,Central Washington University,WA,4,2,18,
240514,Central Wyoming College,Central Wyoming College,WY,2,2,3,
234845,Centralia College,Centralia College,WA,2,2,14,
180948,Chadron State College,Chadron State College,NE,2,2,19,
128780,Charter Oak State College,Charter Oak State College,CT,2,2,21,
208390,Chemeketa Community College,Chemeketa Community College,OR,4,2,3,
211608,Cheyney University of Pennsylvania,Cheyney University of Pennsylvania,PA,1,1,21,
144005,Chicago State University,Chicago State University,IL,2,2,19,
133021,Chipola College,Chipola College,FL,2,2,23,
231712,Christopher Newport University,Christopher Newport University,VA,3,2,20,
201928,Cincinnati State Technical and Community College,Cincinnati State Technical and Community College,OH,3,2,5,
217864,Citadel Military College of South Carolina,Citadel Military College of South Carolina,SC,2,2,18,
234933,Clark College,Clark College,WA,4,2,5,
201973,Clark State College,Clark State Community College,OH,3,2,5,
139311,Clayton  State University,Clayton  State University,GA,3,2,19,
217882,Clemson University,Clemson University,SC,5,2,15,
202134,Cleveland State University,Cleveland State University,OH,4,2,16,
234951,Clover Park Technical College,Clover Park Technical College,WA,2,2,14,
218724,Coastal Carolina University,Coastal Carolina University,SC,4,2,18,
132851,College of Central Florida,College of Central Florida,FL,3,2,14,
217819,College of Charleston,College of Charleston,SC,4,2,18,
139250,College of Coastal Georgia,College of Coastal Georgia,GA,2,2,23,
142559,College of Southern Idaho,College of Southern Idaho,ID,3,2,6,
182005,College of Southern Nevada,College of Southern Nevada,NV,5,2,14,
190558,College of Staten Island CUNY,College of Staten Island CUNY,NY,4,2,18,
226408,College of the Mainland,College of the Mainland,TX,2,2,4,
247834,Collin County Community College District,Collin County Community College District,TX,5,2,2,
127556,Colorado Mesa University,Colorado Mesa University,CO,3,2,22,
126711,Colorado Mountain College,Colorado Mountain College,CO,3,2,23,
126775,Colorado School of Mines,Colorado School of Mines,CO,3,2,16,
476975,Colorado State University Global,Colorado State University-Global Campus,CO,4,2,18,
128106,Colorado State University Pueblo,Colorado State University-Pueblo,CO,3,2,19,
126818,Colorado State University-Fort Collins,Colorado State University-Fort Collins,CO,5,2,15,
234979,Columbia Basin College,Columbia Basin College,WA,3,2,14,
139366,Columbus State University,Columbus State University,GA,3,2,18,
498562,Commonwealth University of Pennsylvania,,,,,,
126942,Community College of Denver,Community College of Denver,CO,3,2,5,
237330,Concord University,Concord University,WV,2,2,20,
162283,Coppin State University,Coppin State University,MD,2,1,20,
190512,CUNY Bernard M Baruch College,CUNY Bernard M Baruch College,NY,4,2,18,
190549,CUNY Brooklyn College,CUNY Brooklyn College,NY,4,2,18,
190567,CUNY City College,CUNY City College,NY,4,2,18,
190576,CUNY Graduate School and University Center,CUNY Graduate School and University Center,NY,3,2,15,
190594,CUNY Hunter College,CUNY Hunter College,NY,5,2,18,
190600,CUNY John Jay College of Criminal Justice,CUNY John Jay College of Criminal Justice,NY,4,2,18,
190637,CUNY Lehman College,CUNY Lehman College,NY,4,2,18,
190646,CUNY Medgar Evers College,CUNY Medgar Evers College,NY,3,2,22,
190655,CUNY New York City College of Technology,CUNY New York City College of Technology,NY,4,2,22,
190664,CUNY Queens College,CUNY Queens College,NY,4,2,18,
190682,CUNY School of Law,CUNY School of Law,NY,1,2,31,
190691,CUNY York College,CUNY York College,NY,3,2,22,
113236,Cypress College,Cypress College,CA,4,2,4,
219082,Dakota State University,Dakota State University,SD,2,2,20,
224615,Dallas College,El Centro College,TX,4,2,6,
139463,Dalton State College,Dalton State College,GA,3,2,23,
133386,Daytona State College,Daytona State College,FL,4,2,23,
224350,Del Mar College,Del Mar College,TX,4,2,4,
130934,Delaware State University,Delaware State University,DE,2,1,19,
130907,Delaware Technical Community College-Terry,Delaware Technical Community College-Terry,DE,4,2,1,
175616,Delta State University,Delta State University,MS,2,2,18,
200059,Dickinson State University,Dickinson State University,ND,2,2,22,
105297,Dine College,Dine College,AZ,2,2,33,
198464,East Carolina University,East Carolina University,NC,5,2,16,
207041,East Central University,East Central University,OK,2,2,18,
139621,East Georgia State College,East Georgia State College,GA,2,2,14,
212115,East Stroudsburg University of Pennsylvania,East Stroudsburg University of Pennsylvania,PA,3,2,19,
220075,East Tennessee State University,East Tennessee State University,TN,4,2,17,
129215,Eastern Connecticut State University,Eastern Connecticut State University,CT,3,2,20,
132693,Eastern Florida State College,Eastern Florida State College,FL,4,2,14,
144892,Eastern Illinois University,Eastern Illinois University,IL,3,2,18,
156620,Eastern Kentucky University,Eastern Kentucky University,KY,4,2,18,
169798,Eastern Michigan University,Eastern Michigan University,MI,5,2,17,
187648,Eastern New Mexico University-Main Campus,Eastern New Mexico University-Main Campus,NM,3,2,19,
208646,Eastern Oregon University,Eastern Oregon University,OR,2,2,20,
231970,Eastern Virginia Medical School,Eastern Virginia Medical School,VA,2,2,25,
235097,Eastern Washington University,Eastern Washington University,WA,4,2,18,
235103,Edmonds College,Edmonds Community College,WA,3,2,6,
198507,Elizabeth City State University,Elizabeth City State University,NC,2,1,20,
196264,Empire State University,SUNY Empire State College,NY,4,2,19,
155025,Emporia State University,Emporia State University,KS,3,2,18,
235149,Everett Community College,Everett Community College,WA,3,2,6,
237367,Fairmont State University,Fairmont State University,WV,2,2,20,
196042,Farmingdale State College,Farmingdale State College,NY,3,2,22,
191126,Fashion Institute of Technology,Fashion Institute of Technology,NY,3,2,20,
198543,Fayetteville State University,Fayetteville State University,NC,3,1,19,
114433,Feather River Community College District,Feather River Community College District,CA,2,2,3,
169910,Ferris State University,Ferris State University,MI,4,2,19,
165820,Fitchburg State University,Fitchburg State University,MA,3,2,18,
133650,Florida Agricultural and Mechanical University,Florida Agricultural and Mechanical University,FL,3,1,16,
133669,Florida Atlantic University,Florida Atlantic University,FL,5,2,16,
135160,Florida Gateway College,Florida Gateway College,FL,2,2,14,
433660,Florida Gulf Coast University,Florida Gulf Coast University,FL,4,2,18,
133951,Florida International University,Florida International University,FL,5,2,15,
482936,Florida Polytechnic University,Florida Polytechnic University,FL,2,2,-2,
133508,Florida SouthWestern State College,Florida SouthWestern State College,FL,4,2,23,
133702,Florida State College at Jacksonville,Florida State College at Jacksonville,FL,5,2,23,
134097,Florida State University,Florida State University,FL,5,2,15,
380368,Fond du Lac Tribal and Community College,Fond du Lac Tribal and Community College,MN,2,2,33,
114716,Foothill College,Foothill College,CA,4,2,3,
155061,Fort Hays State University,Fort Hays State University,KS,4,2,18,
127185,Fort Lewis College,Fort Lewis College,CO,2,2,21,
139719,Fort Valley State University,Fort Valley State University,GA,2,1,20,
165866,Framingham State University,Framingham State University,MA,3,2,18,
218061,Francis Marion University,Francis Marion University,SC,2,2,20,
127200,Front Range Community College,Front Range Community College,CO,4,2,6,
162584,Frostburg State University,Frostburg State University,MD,3,2,18,
224961,Galveston College,Galveston College,TX,2,2,6,
105145,GateWay Community College,GateWay Community College,AZ,3,2,9,
232186,George Mason University,George Mason University,VA,5,2,15,
139861,Georgia College & State University,Georgia College and State University,GA,3,2,18,
447689,Georgia Gwinnett College,Georgia Gwinnett College,GA,4,2,22,
139700,Georgia Highlands College,Georgia Highlands College,GA,3,2,14,
139755,Georgia Institute of Technology-Main Campus,Georgia Institute of Technology-Main Campus,GA,5,2,15,
485111,Georgia Military College,Georgia Military College,GA,3,2,3,
139931,Georgia Southern University,Georgia Southern University,GA,5,2,17,
139764,Georgia Southwestern State University,Georgia Southwestern State University,GA,2,2,19,
139940,Georgia State University,Georgia State University,GA,5,2,15,
104708,Glendale Community College,Glendale Community College,AZ,4,2,2,
237385,Glenville State University,Glenville State College,WV,2,2,22,
139968,Gordon State College,Gordon State College,GA,2,2,23,
145336,Governors State University,Governors State University,IL,3,2,18,
159009,Grambling State University,Grambling State University,LA,2,1,18,
170082,Grand Valley State University,Grand Valley State University,MI,5,2,18,
235334,Grays Harbor College,Grays Harbor College,WA,2,2,9,
225070,Grayson College,Grayson College,TX,2,2,5,
182306,Great Basin College,Great Basin College,NV,2,2,23,
235343,Green River College,Green River College,WA,3,2,14,
218113,Greenville Technical College,Greenville Technical College,SC,4,2,7,
134343,Gulf Coast State College,Gulf Coast State College,FL,3,2,14,
177551,Harris-Stowe State University,Harris-Stowe State University,MO,2,1,22,
155140,Haskell Indian Nations University,Haskell Indian Nations University,KS,1,2,33,
107071,Henderson State University,Henderson State University,AR,2,2,19,
170240,Henry Ford College,Henry Ford College,MI,4,2,2,
235431,Highline College,Highline College,WA,3,2,14,
134495,Hillsborough Community College,Hillsborough Community College,FL,5,2,1,
225423,Houston Community College,Houston Community College,TX,5,2,1,
142276,Idaho State University,Idaho State University,ID,4,2,17,
434584,Ilisagvik College,Ilisagvik College,AK,1,2,33,
145813,Illinois State University,Illinois State University,IL,5,2,16,
134608,Indian River State College,Indian River State College,FL,4,2,23,
151324,Indiana State University,Indiana State University,IN,4,2,17,
213020,Indiana University of Pennsylvania-Main Campus,Indiana University of Pennsylvania-Main Campus,PA,4,2,17,
151351,Indiana University-Bloomington,Indiana University-Bloomington,IN,5,2,15,
151388,Indiana University-East,Indiana University-East,IN,2,2,20,
151111,Indiana University-Indianapolis,Indiana University-Purdue University-Indianapolis,IN,5,2,16,
151333,Indiana University-Kokomo,Indiana University-Kokomo,IN,2,2,22,
151360,Indiana University-Northwest,Indiana University-Northwest,IN,3,2,19,
151342,Indiana University-South Bend,Indiana University-South Bend,IN,3,2,19,
151379,Indiana University-Southeast,Indiana University-Southeast,IN,3,2,18,
187745,Institute of American Indian and Alaska Native Culture and Arts Development,Institute of American Indian and Alaska Native Culture and Arts Development,NM,1,2,33,
153603,Iowa State University,Iowa State University,IA,5,2,15,
170444,Jackson College,Jackson College,MI,3,2,14,
175856,Jackson State University,Jackson State University,MS,3,1,16,
101480,Jacksonville State University,Jacksonville State University,AL,3,2,18,
203678,James A. Rhodes State College,James A Rhodes State College,OH,2,2,5,
232423,James Madison University,James Madison University,VA,5,2,18,
155399,Kansas State University,Kansas State University,KS,5,2,15,
185262,Kean University,Kean University,NJ,4,2,18,
183062,Keene State College,Keene State College,NH,2,2,20,
486840,Kennesaw State University,Kennesaw State University,GA,5,2,-2,
203447,Kent State University at Ashtabula,Kent State University at Ashtabula,OH,2,2,14,
203456,Kent State University at East Liverpool,Kent State University at East Liverpool,OH,2,2,26,
203526,Kent State University at Geauga,Kent State University at Geauga,OH,2,2,14,
203517,Kent State University at Kent,Kent State University at Kent,OH,5,2,16,
203492,Kent State University at Salem,Kent State University at Salem,OH,2,2,23,
203465,Kent State University at Stark,Kent State University at Stark,OH,3,2,14,
203474,Kent State University at Trumbull,Kent State University at Trumbull,OH,2,2,14,
203483,Kent State University at Tuscarawas,Kent State University at Tuscarawas,OH,2,2,14,
157058,Kentucky State University,Kentucky State University,KY,2,1,22,
213349,Kutztown University of Pennsylvania,Kutztown University of Pennsylvania,PA,3,2,18,
260372,Lac Courte Oreilles Ojibwe University,Lac Courte Oreilles Ojibwa Community College,WI,1,2,33,
170639,Lake Superior State University,Lake Superior State University,MI,2,2,22,
235699,Lake Washington Institute of Technology,Lake Washington Institute of Technology,WA,2,2,14,
135188,Lake-Sumter State College,Lake-Sumter State College,FL,2,2,14,
226091,Lamar University,Lamar University,TX,4,2,17,
218229,Lander University,Lander University,SC,2,2,22,
207209,Langston University,Langston University,OK,2,1,19,
240620,Laramie County Community College,Laramie County Community College,WY,2,2,3,
226134,Laredo College,Laredo Community College,TX,3,2,4,
142328,Lewis-Clark State College,Lewis-Clark State College,ID,2,2,22,
213598,Lincoln University,Lincoln University,PA,2,1,19,
177940,Lincoln University,Lincoln University,MO,2,1,20,
227182,Lone Star College System,Lone Star College System,TX,5,2,2,
232566,Longwood University,Longwood University,VA,2,2,19,
203748,Lorain County Community College,Lorain County Community College,OH,4,2,1,
159391,Louisiana State University and Agricultural & Mechanical College,Louisiana State University and Agricultural & Mechanical College,LA,5,2,15,
159373,Louisiana State University Health Sciences Center-New Orleans,Louisiana State University Health Sciences Center-New Orleans,LA,2,2,25,
435000,Louisiana State University Health Sciences Center-Shreveport,Louisiana State University Health Sciences Center-Shreveport,LA,1,2,25,
159382,Louisiana State University-Alexandria,Louisiana State University-Alexandria,LA,2,2,21,
159416,Louisiana State University-Shreveport,Louisiana State University-Shreveport,LA,2,2,19,
159647,Louisiana Tech University,Louisiana Tech University,LA,4,2,17,
235750,Lower Columbia College,Lower Columbia College,WA,2,2,9,
238263,Madison Area Technical College,Madison Area Technical College,WI,4,2,14,
161299,Maine Maritime Academy,Maine Maritime Academy,ME,2,2,22,
203881,Marion Technical College,Marion Technical College,OH,2,2,2,
237525,Marshall University,Marshall University,WV,4,2,18,
166674,Massachusetts College of Art and Design,Massachusetts College of Art and Design,MA,2,2,30,
167288,Massachusetts College of Liberal Arts,Massachusetts College of Liberal Arts,MA,2,2,21,
166692,Massachusetts Maritime Academy,Massachusetts Maritime Academy,MA,2,2,20,
200226,Mayville State University,Mayville State University,ND,2,2,22,
159717,McNeese State University,McNeese State University,LA,3,2,18,
218335,Medical University of South Carolina,Medical University of South Carolina,SC,2,2,25,
174020,Metropolitan State University,Metropolitan State University,MN,3,2,18,
127565,Metropolitan State University of Denver,Metropolitan State University of Denver,CO,5,2,19,
135717,Miami Dade College,Miami Dade College,FL,5,2,14,
204006,Miami University-Hamilton,Miami University-Hamilton,OH,2,2,14,
204015,Miami University-Middletown,Miami University-Middletown,OH,2,2,14,
204024,Miami University-Oxford,Miami University-Oxford,OH,4,2,16,
171100,Michigan State University,Michigan State University,MI,5,2,15,
171128,Michigan Technological University,Michigan Technological University,MI,3,2,16,
482158,Middle Georgia State University,Middle Georgia State University,GA,3,2,22,
220978,Middle Tennessee State University,Middle Tennessee State University,TN,5,2,17,
226806,Midland College,Midland College,TX,3,2,14,
226833,Midwestern State University,Midwestern State University,TX,3,2,19,
214041,Millersville University of Pennsylvania,Millersville University of Pennsylvania,PA,3,2,18,
174358,Minnesota State University Moorhead,Minnesota State University Moorhead,MN,3,2,19,
173920,Minnesota State University-Mankato,Minnesota State University-Mankato,MN,4,2,18,
200253,Minot State University,Minot State University,ND,2,2,19,
118912,MiraCosta College,MiraCosta College,CA,4,2,1,
176080,Mississippi State University,Mississippi State University,MS,5,2,16,
176035,Mississippi University for Women,Mississippi University for Women,MS,2,2,20,
176044,Mississippi Valley State University,Mississippi Valley State University,MS,2,1,20,
178341,Missouri Southern State University,Missouri Southern State University,MO,3,2,22,
179566,Missouri State University-Springfield,Missouri State University-Springfield,MO,5,2,18,
178411,Missouri University of Science and Technology,Missouri University of Science and Technology,MO,3,2,16,
178387,Missouri Western State University,Missouri Western State University,MO,3,2,22,
118976,Modesto Junior College,Modesto Junior College,CA,4,2,4,
180461,Montana State University,Montana State University,MT,4,2,16,
180179,Montana State University Billings,Montana State University-Billings,MT,2,2,19,
180522,Montana State University-Northern,Montana State University-Northern,MT,2,2,22,
180416,Montana Technological University,Montana Tech of the University of Montana,MT,2,2,22,
185590,Montclair State University,Montclair State University,NJ,5,2,17,
157386,Morehead State University,Morehead State University,KY,4,2,18,
127617,Morgan Community College,Morgan Community College,CO,2,2,9,
163453,Morgan State University,Morgan State University,MD,3,1,17,
209250,Mt Hood Community College,Mt Hood Community College,OR,3,2,3,
157401,Murray State University,Murray State University,KY,4,2,18,
187596,Navajo Technical University,Navajo Technical University,NM,2,2,33,
119678,Naval Postgraduate School,Naval Postgraduate School,CA,2,2,16,
227146,Navarro College,Navarro College,TX,3,2,4,
181419,Nebraska Indian Community College,Nebraska Indian Community College,NE,1,2,33,
441900,Nevada State University,Nevada State College,NV,2,2,22,
262129,New College of Florida,New College of Florida,FL,1,2,21,
185129,New Jersey City University,New Jersey City University,NJ,3,2,18,
185828,New Jersey Institute of Technology,New Jersey Institute of Technology,NJ,4,2,16,
187897,New Mexico Highlands University,New Mexico Highlands University,NM,2,2,18,
187967,New Mexico Institute of Mining and Technology,New Mexico Institute of Mining and Technology,NM,2,2,20,
188030,New Mexico State University-Main Campus,New Mexico State University-Main Campus,NM,4,2,16,
159966,Nicholls State University,Nicholls State University,LA,3,2,19,
232937,Norfolk State University,Norfolk State University,VA,3,1,19,
199102,North Carolina A & T State University,North Carolina A & T State University,NC,4,1,16,
199157,North Carolina Central University,North Carolina Central University,NC,3,1,18,
199193,North Carolina State University at Raleigh,North Carolina State University at Raleigh,NC,5,2,15,
204422,North Central State College,North Central State College,OH,2,2,4,
200332,North Dakota State University-Main Campus,North Dakota State University-Main Campus,ND,4,2,16,
136145,North Florida College,North Florida Community College,FL,2,2,5,
236072,North Seattle College,North Seattle College,WA,3,2,14,
204477,Northeast Ohio Medical University,Northeast Ohio Medical University,OH,1,2,25,
147776,Northeastern Illinois University,Northeastern Illinois University,IL,3,2,18,
207263,Northeastern State University,Northeastern State University,OK,3,2,18,
105330,Northern Arizona University,Northern Arizona University,AZ,5,2,16,
147703,Northern Illinois University,Northern Illinois University,IL,4,2,16,
157447,Northern Kentucky University,Northern Kentucky University,KY,4,2,18,
171456,Northern Michigan University,Northern Michigan University,MI,3,2,19,
188058,Northern New Mexico College,Northern New Mexico College,NM,1,2,23,
219259,Northern State University,Northern State University,SD,2,2,20,
230913,Northern Vermont University,Johnson State College,VT,2,2,20,
240657,Northwest College,Northwest College,WY,2,2,2,
136233,Northwest Florida State College,Northwest Florida State College,FL,3,2,23,
380377,Northwest Indian College,Northwest Indian College,WA,1,2,33,
178624,Northwest Missouri State University,Northwest Missouri State University,MO,3,2,18,
171483,Northwestern Michigan College,Northwestern Michigan College,MI,2,2,14,
207306,Northwestern Oklahoma State University,Northwestern Oklahoma State University,OK,2,2,20,
160038,Northwestern State University of Louisiana,Northwestern State University of Louisiana,LA,3,2,18,
200086,Nueta Hidatsa Sahnish College,Nueta Hidatsa Sahnish College,ND,1,2,33,
171571,Oakland University,Oakland University,MI,5,2,17,
227304,Odessa College,Odessa College,TX,3,2,5,
219277,Oglala Lakota College,Oglala Lakota College,SD,2,2,33,
204671,Ohio State University-Lima Campus,Ohio State University-Lima Campus,OH,2,2,22,
204796,Ohio State University-Main Campus,Ohio State University-Main Campus,OH,5,2,15,
204680,Ohio State University-Mansfield Campus,Ohio State University-Mansfield Campus,OH,2,2,23,
204699,Ohio State University-Marion Campus,Ohio State University-Marion Campus,OH,2,2,23,
204705,Ohio State University-Newark Campus,Ohio State University-Newark Campus,OH,2,2,23,
204820,Ohio University-Chillicothe Campus,Ohio University-Chillicothe Campus,OH,2,2,14,
204802,Ohio University-Eastern Campus,Ohio University-Eastern Campus,OH,1,2,14,
204848,Ohio University-Lancaster Campus,Ohio University-Lancaster Campus,OH,2,2,14,
204857,Ohio University-Main Campus,Ohio University-Main Campus,OH,5,2,16,
204839,Ohio University-Southern Campus,Ohio University-Southern Campus,OH,2,2,14,
204866,Ohio University-Zanesville Campus,Ohio University-Zanesville Campus,OH,2,2,26,
207351,Oklahoma Panhandle State University,Oklahoma Panhandle State University,OK,2,2,22,
207315,Oklahoma State University Center for Health Sciences,Oklahoma State University Center for Health Sciences,OK,1,2,25,
207564,Oklahoma State University Institute of Technology,Oklahoma State University Institute of Technology,OK,2,2,23,
207388,Oklahoma State University-Main Campus,Oklahoma State University-Main Campus,OK,5,2,16,
207397,Oklahoma State University-Oklahoma City,Oklahoma State University-Oklahoma City,OK,3,2,14,
232982,Old Dominion University,Old Dominion University,VA,5,2,16,
236188,Olympic College,Olympic College,WA,3,2,14,
209490,Oregon Health & Science University,Oregon Health & Science University,OR,2,2,25,
209506,Oregon Institute of Technology,Oregon Institute of Technology,OR,3,2,22,
209542,Oregon State University,Oregon State University,OR,5,2,15,
440828,Oregon State University-Cascades Campus,Oregon State University-Cascades Campus,OR,2,2,-2,
177472,Ozarks Technical Community College,Ozarks Technical Community College,MO,4,2,4,
136358,Palm Beach State College,Palm Beach State College,FL,5,2,14,
364016,Paradise Valley Community College,Paradise Valley Community College,AZ,3,2,3,
136400,Pasco-Hernando State College,Pasco-Hernando State College,FL,4,2,14,
236258,Peninsula College,Peninsula College,WA,2,2,14,
366252,Pennsylvania College of Technology,Pennsylvania College of Technology,PA,3,2,23,
214777,Pennsylvania State University-Main Campus,Pennsylvania State University-Main Campus,PA,5,2,15,
214801,Pennsylvania State University-Penn State Abington,Pennsylvania State University-Penn State Abington,PA,2,2,22,
214689,Pennsylvania State University-Penn State Altoona,Pennsylvania State University-Penn State Altoona,PA,2,2,22,
214698,Pennsylvania State University-Penn State Beaver,Pennsylvania State University-Penn State Beaver,PA,1,2,21,
214704,Pennsylvania State University-Penn State Berks,Pennsylvania State University-Penn State Berks,PA,2,2,21,
214731,Pennsylvania State University-Penn State Brandywine,Pennsylvania State University-Penn State Brandywine,PA,2,2,22,
214740,Pennsylvania State University-Penn State DuBois,Pennsylvania State University-Penn State DuBois,PA,1,2,23,
214591,Pennsylvania State University-Penn State Erie-Behrend College,Pennsylvania State University-Penn State Erie-Behrend College,PA,2,2,22,
214759,Pennsylvania State University-Penn State Fayette- Eberly,Pennsylvania State University-Penn State Fayette- Eberly,PA,1,2,23,
214607,Pennsylvania State University-Penn State Great Valley,Pennsylvania State University-Penn State Great Valley,PA,1,2,18,
214786,Pennsylvania State University-Penn State Greater Allegheny,Pennsylvania State University-Penn State Greater Allegheny,PA,1,2,21,
214713,Pennsylvania State University-Penn State Harrisburg,Pennsylvania State University-Penn State Harrisburg,PA,3,2,18,
214768,Pennsylvania State University-Penn State Hazleton,Pennsylvania State University-Penn State Hazleton,PA,1,2,23,
214670,Pennsylvania State University-Penn State Lehigh Valley,Pennsylvania State University-Penn State Lehigh Valley,PA,1,2,22,
214795,Pennsylvania State University-Penn State Mont Alto,Pennsylvania State University-Penn State Mont Alto,PA,1,2,23,
214625,Pennsylvania State University-Penn State New Kensington,Pennsylvania State University-Penn State New Kensington,PA,1,2,22,
214810,Pennsylvania State University-Penn State Schuylkill,Pennsylvania State University-Penn State Schuylkill,PA,1,2,22,
214652,Pennsylvania State University-Penn State Scranton,Pennsylvania State University-Penn State Worthington Scranton,PA,2,2,22,
214634,Pennsylvania State University-Penn State Shenango,Pennsylvania State University-Penn State Shenango,PA,1,2,22,
214643,Pennsylvania State University-Penn State Wilkes-Barre,Pennsylvania State University-Penn State Wilkes-Barre,PA,1,2,22,
214829,Pennsylvania State University-Penn State York,Pennsylvania State University-Penn State York,PA,2,2,22,
479956,Pennsylvania State University-World Campus,Pennsylvania State University-World Campus,PA,4,2,18,
498571,Pennsylvania Western University,,,,,,
136473,Pensacola State College,Pensacola State College,FL,3,2,14,
181534,Peru State College,Peru State College,NE,2,2,20,
235237,Pierce College District,Pierce College-Fort Steilacoom,WA,3,2,3,
127820,Pikes Peak State College,Pikes Peak Community College,CO,4,2,5,
155681,Pittsburg State University,Pittsburg State University,KS,3,2,18,
183080,Plymouth State University,Plymouth State University,NH,3,2,18,
136516,Polk State College,Polk State College,FL,4,2,23,
209807,Portland State University,Portland State University,OR,5,2,16,
237701,Potomac State College of West Virginia University,Potomac State College of West Virginia University,WV,2,2,14,
227526,Prairie View A & M University,Prairie View A & M University,TX,3,1,17,
127884,Pueblo Community College,Pueblo Community College,CO,3,2,9,
151102,Purdue University Fort Wayne,Indiana University-Purdue University-Fort Wayne,IN,4,2,18,
489779,Purdue University Global,Kaplan University-Indianapolis,IN,1,2,-2,
490805,Purdue University Northwest,,,,,,
243780,Purdue University-Main Campus,Purdue University-Main Campus,IN,5,2,15,
167525,Quincy College,Quincy College,MA,3,2,2,
233277,Radford University,Radford University,VA,3,2,18,
186201,Ramapo College of New Jersey,Ramapo College of New Jersey,NJ,3,2,19,
127909,Red Rocks Community College,Red Rocks Community College,CO,3,2,9,
236382,Renton Technical College,Renton Technical College,WA,2,2,9,
217420,Rhode Island College,Rhode Island College,RI,3,2,18,
121886,Rio Hondo College,Rio Hondo College,CA,4,2,5,
105668,Rio Salado College,Rio Salado College,AZ,4,2,9,
207661,Rogers State University,Rogers State University,OK,2,2,22,
184782,Rowan University,Rowan University,NJ,4,2,17,
186371,Rutgers University-Camden,Rutgers University-Camden,NJ,3,2,18,
186380,Rutgers University-New Brunswick,Rutgers University-New Brunswick,NJ,5,2,15,
186399,Rutgers University-Newark,Rutgers University-Newark,NJ,4,2,16,
172051,Saginaw Valley State University,Saginaw Valley State University,MI,3,2,18,
174783,Saint Cloud State University,Saint Cloud State University,MN,4,2,18,
137281,Saint Johns River State College,Saint Johns River State College,FL,3,2,14,
179308,Saint Louis Community College,Saint Louis Community College,MO,4,2,2,
167729,Salem State University,Salem State University,MA,3,2,18,
163851,Salisbury University,Salisbury University,MD,3,2,18,
180647,Salish Kootenai College,Salish Kootenai College,MT,1,2,33,
227881,Sam Houston State University,Sam Houston State University,TX,5,2,17,
227924,San Antonio College,San Antonio College,TX,4,2,2,
122375,San Diego Mesa College,San Diego Mesa College,CA,5,2,1,
122409,San Diego State University,San Diego State University,CA,5,2,16,
122597,San Francisco State University,San Francisco State University,CA,5,2,17,
227979,San Jacinto Community College,San Jacinto Community College,TX,5,2,5,
122755,San Jose State University,San Jose State University,CA,5,2,18,
121619,Santa Ana College,Santa Ana College,CA,5,2,2,
137096,Santa Fe College,Santa Fe College,FL,4,2,14,
122977,Santa Monica College,Santa Monica College,CA,5,2,1,
140960,Savannah State University,Savannah State University,GA,2,1,20,
172200,Schoolcraft Community College District,Schoolcraft College,MI,4,2,6,
236513,Seattle Central College,Seattle Central College,WA,3,2,14,
137209,Seminole State College of Florida,Seminole State College of Florida,FL,4,2,14,
123299,Shasta College,Shasta College,CA,3,2,2,
205443,Shawnee State University,Shawnee State University,OH,2,2,22,
237792,Shepherd University,Shepherd University,WV,2,2,21,
216010,Shippensburg University of Pennsylvania,Shippensburg University of Pennsylvania,PA,3,2,18,
205470,Sinclair Community College,Sinclair Community College,OH,4,2,6,
219374,Sinte Gleska University,Sinte Gleska University,SD,1,2,33,
219408,Sisseton Wahpeton College,Sisseton Wahpeton College,SD,1,2,33,
200466,Sitting Bull College,Sitting Bull College,ND,1,2,33,
236638,Skagit Valley College,Skagit Valley College,WA,3,2,14,
123509,Skyline College,Skyline College,CA,3,2,6,
216038,Slippery Rock University of Pennsylvania,Slippery Rock University of Pennsylvania,PA,3,2,18,
230597,Snow College,Snow College,UT,3,2,14,
123563,Solano Community College,Solano Community College,CA,3,2,2,
123572,Sonoma State University,Sonoma State University,CA,3,2,18,
218733,South Carolina State University,South Carolina State University,SC,2,1,19,
219347,South Dakota School of Mines and Technology,South Dakota School of Mines and Technology,SD,2,2,27,
219356,South Dakota State University,South Dakota State University,SD,4,2,16,
137315,South Florida State College,South Florida State College,FL,2,2,14,
482699,South Georgia State College,South Georgia State College,GA,2,2,14,
236504,South Seattle College,South Seattle College,WA,3,2,14,
409315,South Texas College,South Texas College,TX,5,2,14,
179557,Southeast Missouri State University,Southeast Missouri State University,MO,4,2,18,
160612,Southeastern Louisiana University,Southeastern Louisiana University,LA,4,2,18,
207847,Southeastern Oklahoma State University,Southeastern Oklahoma State University,OK,2,2,19,
107983,Southern Arkansas University Main Campus,Southern Arkansas University Main Campus,AR,2,2,19,
130493,Southern Connecticut State University,Southern Connecticut State University,CT,4,2,18,
149222,Southern Illinois University-Carbondale,Southern Illinois University-Carbondale,IL,4,2,16,
149231,Southern Illinois University-Edwardsville,Southern Illinois University-Edwardsville,IL,4,2,18,
210146,Southern Oregon University,Southern Oregon University,OR,3,2,18,
160621,Southern University and A & M College,Southern University and A & M College,LA,3,1,18,
160630,Southern University at New Orleans,Southern University at New Orleans,LA,2,1,19,
440916,Southern University Law Center,Southern University Law Center,LA,1,2,31,
230603,Southern Utah University,Southern Utah University,UT,3,2,18,
175078,Southwest Minnesota State University,Southwest Minnesota State University,MN,3,2,19,
207865,Southwestern Oklahoma State University,Southwestern Oklahoma State University,OK,3,2,18,
236692,Spokane Community College,Spokane Community College,WA,4,2,8,
236708,Spokane Falls Community College,Spokane Falls Community College,WA,3,2,3,
137078,St Petersburg College,St Petersburg College,FL,5,2,23,
163912,St. Mary's College of Maryland,St Mary's College of Maryland,MD,2,2,21,
135391,State College of Florida-Manatee-Sarasota,State College of Florida-Manatee-Sarasota,FL,4,2,14,
196149,State University of New York at Cortland,SUNY Cortland,NY,3,2,18,
196176,State University of New York at New Paltz,State University of New York at New Paltz,NY,3,2,18,
196194,State University of New York at Oswego,SUNY College at Oswego,NY,3,2,18,
228431,Stephen F Austin State University,Stephen F Austin State University,TX,4,2,18,
186876,Stockton University,Stockton University,NJ,3,2,18,
366340,Stone Child College,Stone Child College,MT,1,2,33,
196097,Stony Brook University,Stony Brook University,NY,5,2,15,
228501,Sul Ross State University,Sul Ross State University,TX,2,2,18,
196158,SUNY at Fredonia,SUNY at Fredonia,NY,2,2,19,
196219,SUNY at Purchase College,SUNY at Purchase College,NY,2,2,21,
196121,SUNY Brockport,SUNY College at Brockport,NY,3,2,18,
196130,SUNY Buffalo State University,SUNY Buffalo State,NY,3,2,18,
196167,SUNY College at Geneseo,SUNY College at Geneseo,NY,3,2,20,
196246,SUNY College at Plattsburgh,SUNY College at Plattsburgh,NY,3,2,18,
196200,SUNY College at Potsdam,SUNY College at Potsdam,NY,2,2,19,
196033,SUNY College of Agriculture and Technology at Cobleskill,SUNY College of Agriculture and Technology at Cobleskill,NY,2,2,23,
196103,SUNY College of Environmental Science and Forestry,SUNY College of Environmental Science and Forestry,NY,2,2,17,
196228,SUNY College of Optometry,SUNY College of Optometry,NY,1,2,26,
196006,SUNY College of Technology at Alfred,SUNY College of Technology at Alfred,NY,2,2,23,
196015,SUNY College of Technology at Canton,SUNY College of Technology at Canton,NY,2,2,23,
196024,SUNY College of Technology at Delhi,SUNY College of Technology at Delhi,NY,2,2,23,
196255,SUNY Downstate Health Sciences University,SUNY Downstate Medical Center,NY,2,2,25,
196291,SUNY Maritime College,SUNY Maritime College,NY,2,2,20,
196051,SUNY Morrisville,Morrisville State College,NY,2,2,23,
196237,SUNY Old Westbury,SUNY College at Old Westbury,NY,2,2,20,
196185,SUNY Oneonta,SUNY Oneonta,NY,3,2,20,
196112,SUNY Polytechnic Institute,SUNY Polytechnic Institute,NY,2,2,19,
236753,Tacoma Community College,Tacoma Community College,WA,3,2,6,
137759,Tallahassee Community College,Tallahassee Community College,FL,4,2,1,
228529,Tarleton State University,Tarleton State University,TX,4,2,18,
488800,Teachers College of San Joaquin,Teachers College of San Joaquin,CA,-1,2,-2,
216339,Temple University,Temple University,PA,5,2,15,
221838,Tennessee State University,Tennessee State University,TN,3,1,17,
221847,Tennessee Technological University,Tennessee Technological University,TN,4,2,17,
226152,Texas A & M International University,Texas A & M International University,TX,3,2,18,
228723,Texas A & M University-College Station,Texas A & M University-College Station,TX,5,2,15,
224554,Texas A & M University-Commerce,Texas A & M University-Commerce,TX,4,2,16,
224147,Texas A & M University-Corpus Christi,Texas A & M University-Corpus Christi,TX,4,2,17,
228705,Texas A & M University-Kingsville,Texas A & M University-Kingsville,TX,3,2,17,
483036,Texas A&M University-Central Texas,Texas A & M University-Central Texas,TX,2,2,18,
459949,Texas A&M University-San Antonio,Texas A&M University-San Antonio,TX,3,2,-2,
224545,Texas A&M University-Texarkana,Texas A&M University-Texarkana,TX,2,2,19,
229063,Texas Southern University,Texas Southern University,TX,3,1,17,
228459,Texas State University,Texas State University,TX,5,2,16,
229115,Texas Tech University,Texas Tech University,TX,5,2,15,
229337,Texas Tech University Health Sciences Center,Texas Tech University Health Sciences Center,TX,3,2,25,
492689,Texas Tech University Health Sciences Center-El Paso,,,,,,
229179,Texas Woman's University,Texas Woman's University,TX,4,2,17,
187134,The College of New Jersey,The College of New Jersey,NJ,3,2,18,
133960,The College of the Florida Keys,Florida Keys Community College,FL,2,2,5,
235167,The Evergreen State College,The Evergreen State College,WA,2,2,19,
100751,The University of Alabama,The University of Alabama,AL,5,2,16,
180489,The University of Montana,The University of Montana,MT,4,2,16,
180692,The University of Montana-Western,The University of Montana-Western,MT,2,2,22,
487010,The University of Tennessee Health Science Center,The University of Tennessee-Health Science Center,TN,2,2,-2,
220701,The University of Tennessee Southern,Martin Methodist College,TN,2,2,22,
221740,The University of Tennessee-Chattanooga,The University of Tennessee-Chattanooga,TN,4,2,18,
221759,The University of Tennessee-Knoxville,The University of Tennessee-Knoxville,TN,5,2,15,
221768,The University of Tennessee-Martin,The University of Tennessee-Martin,TN,3,2,19,
228769,The University of Texas at Arlington,The University of Texas at Arlington,TX,5,2,15,
228778,The University of Texas at Austin,The University of Texas at Austin,TX,5,2,15,
228787,The University of Texas at Dallas,The University of Texas at Dallas,TX,5,2,15,
228796,The University of Texas at El Paso,The University of Texas at El Paso,TX,5,2,16,
229027,The University of Texas at San Antonio,The University of Texas at San Antonio,TX,5,2,16,
228802,The University of Texas at Tyler,The University of Texas at Tyler,TX,3,2,18,
229300,The University of Texas Health Science Center at Houston,The University of Texas Health Science Center at Houston,TX,3,2,25,
228644,The University of Texas Health Science Center at San Antonio,The University of Texas Health Science Center at San Antonio,TX,2,2,25,
416801,The University of Texas MD Anderson Cancer Center,The University of Texas MD Anderson Cancer Center,TX,1,2,26,
228653,The University of Texas Medical Branch at Galveston,The University of Texas Medical Branch,TX,2,2,25,
229018,The University of Texas Permian Basin,The University of Texas of the Permian Basin,TX,3,2,19,
227368,The University of Texas Rio Grande Valley,The University of Texas Rio Grande Valley,TX,5,2,17,
187046,Thomas Edison State University,Thomas Edison State University,NJ,4,2,19,
164076,Towson University,Towson University,MD,5,2,18,
128258,Trinidad State College,Trinidad State Junior College,CO,2,2,8,
225308,Trinity Valley Community College,Trinity Valley Community College,TX,2,2,6,
102368,Troy University,Troy University,AL,4,2,18,
182500,Truckee Meadows Community College,Truckee Meadows Community College,NV,4,2,5,
178615,Truman State University,Truman State University,MO,3,2,19,
229355,Tyler Junior College,Tyler Junior College,TX,4,2,4,
128328,United States Air Force Academy,United States Air Force Academy,CO,2,2,21,
130624,United States Coast Guard Academy,United States Coast Guard Academy,CT,1,2,22,
197027,United States Merchant Marine Academy,United States Merchant Marine Academy,NY,1,2,22,
197036,United States Military Academy,United States Military Academy,NY,2,2,21,
164155,United States Naval Academy,United States Naval Academy,MD,2,2,21,
196060,University at Albany,SUNY at Albany,NY,4,2,15,
196088,University at Buffalo,University at Buffalo,NY,5,2,15,
200800,University of Akron Main Campus,University of Akron Main Campus,OH,5,2,16,
100663,University of Alabama at Birmingham,University of Alabama at Birmingham,AL,4,2,15,
100706,University of Alabama in Huntsville,University of Alabama in Huntsville,AL,3,2,16,
102553,University of Alaska Anchorage,University of Alaska Anchorage,AK,4,2,18,
102614,University of Alaska Fairbanks,University of Alaska Fairbanks,AK,3,2,16,
102632,University of Alaska Southeast,University of Alaska Southeast,AK,2,2,19,
104179,University of Arizona,University of Arizona,AZ,5,2,15,
106397,University of Arkansas,University of Arkansas,AR,5,2,15,
106245,University of Arkansas at Little Rock,University of Arkansas at Little Rock,AR,4,2,17,
106485,University of Arkansas at Monticello,University of Arkansas at Monticello,AR,2,2,20,
106412,University of Arkansas at Pine Bluff,University of Arkansas at Pine Bluff,AR,2,1,22,
106263,University of Arkansas for Medical Sciences,University of Arkansas for Medical Sciences,AR,2,2,25,
442569,University of Arkansas Grantham,Grantham University,KS,3,2,18,
108092,University of Arkansas-Fort Smith,University of Arkansas-Fort Smith,AR,3,2,22,
161873,University of Baltimore,University of Baltimore,MD,3,2,18,
110398,University of California College of the Law-San Francisco,University of California-Hastings College of Law,CA,2,2,31,
110635,University of California-Berkeley,University of California-Berkeley,CA,5,2,15,
110644,University of California-Davis,University of California-Davis,CA,5,2,15,
110653,University of California-Irvine,University of California-Irvine,CA,5,2,15,
110662,University of California-Los Angeles,University of California-Los Angeles,CA,5,2,15,
445188,University of California-Merced,University of California-Merced,CA,3,2,16,
110671,University of California-Riverside,University of California-Riverside,CA,5,2,15,
110680,University of California-San Diego,University of California-San Diego,CA,5,2,15,
110699,University of California-San Francisco,University of California-San Francisco,CA,2,2,25,
110705,University of California-Santa Barbara,University of California-Santa Barbara,CA,5,2,15,
110714,University of California-Santa Cruz,University of California-Santa Cruz,CA,4,2,15,
106704,University of Central Arkansas,University of Central Arkansas,AR,4,2,18,
132903,University of Central Florida,University of Central Florida,FL,5,2,15,
176965,University of Central Missouri,University of Central Missouri,MO,4,2,18,
206941,University of Central Oklahoma,University of Central Oklahoma,OK,4,2,18,
201955,University of Cincinnati-Blue Ash College,University of Cincinnati-Blue Ash College,OH,2,2,14,
201946,University of Cincinnati-Clermont College,University of Cincinnati-Clermont College,OH,2,2,23,
201885,University of Cincinnati-Main Campus,University of Cincinnati-Main Campus,OH,5,2,15,
126614,University of Colorado Boulder,University of Colorado Boulder,CO,5,2,15,
126580,University of Colorado Colorado Springs,University of Colorado Colorado Springs,CO,4,2,18,
126562,University of Colorado Denver/Anschutz Medical Campus,University of Colorado Denver/Anschutz Medical Campus,CO,5,2,16,
129020,University of Connecticut,University of Connecticut,CT,5,2,15,
436827,University of Connecticut-Avery Point,University of Connecticut-Avery Point,CT,1,2,-2,
463056,University of Connecticut-Hartford Campus,,,,,,
436836,University of Connecticut-Stamford,University of Connecticut-Stamford,CT,2,2,-2,
436818,University of Connecticut-Waterbury Campus,University of Connecticut-Tri-Campus,CT,2,2,-2,
130943,University of Delaware,University of Delaware,DE,5,2,15,
134130,University of Florida,University of Florida,FL,5,2,15,
484473,University of Florida-Online,University of Florida-Online,FL,2,2,-2,
139959,University of Georgia,University of Georgia,GA,5,2,15,
141565,University of Hawaii at Hilo,University of Hawaii at Hilo,HI,2,2,20,
141574,University of Hawaii at Manoa,University of Hawaii at Manoa,HI,4,2,15,
141839,University of Hawaii Maui College,University of Hawaii Maui College,HI,2,2,14,
141981,University of Hawaii-West Oahu,University of Hawaii-West Oahu,HI,2,2,22,
225511,University of Houston,University of Houston,TX,5,2,15,
225414,University of Houston-Clear Lake,University of Houston-Clear Lake,TX,3,2,18,
225432,University of Houston-Downtown,University of Houston-Downtown,TX,4,2,20,
225502,University of Houston-Victoria,University of Houston-Victoria,TX,2,2,18,
142285,University of Idaho,University of Idaho,ID,4,2,16,
145600,University of Illinois Chicago,University of Illinois at Chicago,IL,5,2,15,
148654,University of Illinois Springfield,University of Illinois at Springfield,IL,3,2,18,
145637,University of Illinois Urbana-Champaign,University of Illinois at Urbana-Champaign,IL,5,2,15,
153658,University of Iowa,University of Iowa,IA,5,2,15,
155317,University of Kansas,University of Kansas,KS,5,2,15,
157085,University of Kentucky,University of Kentucky,KY,5,2,15,
160658,University of Louisiana at Lafayette,University of Louisiana at Lafayette,LA,4,2,16,
159993,University of Louisiana at Monroe,University of Louisiana at Monroe,LA,3,2,17,
157289,University of Louisville,University of Louisville,KY,5,2,15,
161253,University of Maine,University of Maine,ME,4,2,16,
161217,University of Maine at Augusta,University of Maine at Augusta,ME,2,2,22,
161226,University of Maine at Farmington,University of Maine at Farmington,ME,2,2,22,
161235,University of Maine at Fort Kent,University of Maine at Fort Kent,ME,2,2,22,
161341,University of Maine at Presque Isle,University of Maine at Presque Isle,ME,2,2,22,
232681,University of Mary Washington,University of Mary Washington,VA,2,2,18,
163338,University of Maryland Eastern Shore,University of Maryland Eastern Shore,MD,2,1,17,
163204,University of Maryland Global Campus,University of Maryland-University College,MD,5,2,18,
163259,University of Maryland  Baltimore,University of Maryland  Baltimore,MD,3,2,25,
163268,University of Maryland-Baltimore County,University of Maryland-Baltimore County,MD,4,2,16,
163286,University of Maryland-College Park,University of Maryland-College Park,MD,5,2,15,
166708,University of Massachusetts Chan Medical School,University of Massachusetts Medical School Worcester,MA,2,2,25,
262086,University of Massachusetts Global,Brandman University,CA,3,2,18,
166629,University of Massachusetts-Amherst,University of Massachusetts-Amherst,MA,5,2,15,
166638,University of Massachusetts-Boston,University of Massachusetts-Boston,MA,4,2,16,
167987,University of Massachusetts-Dartmouth,University of Massachusetts-Dartmouth,MA,3,2,16,
166513,University of Massachusetts-Lowell,University of Massachusetts-Lowell,MA,4,2,16,
220862,University of Memphis,University of Memphis,TN,5,2,16,
170976,University of Michigan-Ann Arbor,University of Michigan-Ann Arbor,MI,5,2,15,
171137,University of Michigan-Dearborn,University of Michigan-Dearborn,MI,3,2,18,
171146,University of Michigan-Flint,University of Michigan-Flint,MI,3,2,18,
174075,University of Minnesota-Crookston,University of Minnesota-Crookston,MN,2,2,22,
174233,University of Minnesota-Duluth,University of Minnesota-Duluth,MN,4,2,18,
174251,University of Minnesota-Morris,University of Minnesota-Morris,MN,2,2,21,
456959,University of Minnesota-Rochester,University of Minnesota-Rochester,MN,1,2,26,
174066,University of Minnesota-Twin Cities,University of Minnesota-Twin Cities,MN,5,2,15,
176017,University of Mississippi,University of Mississippi,MS,5,2,15,
178396,University of Missouri-Columbia,University of Missouri-Columbia,MO,5,2,15,
178402,University of Missouri-Kansas City,University of Missouri-Kansas City,MO,4,2,16,
178420,University of Missouri-St Louis,University of Missouri-St Louis,MO,4,2,16,
101709,University of Montevallo,University of Montevallo,AL,2,2,19,
181215,University of Nebraska at Kearney,University of Nebraska at Kearney,NE,3,2,18,
181394,University of Nebraska at Omaha,University of Nebraska at Omaha,NE,4,2,17,
181428,University of Nebraska Medical Center,University of Nebraska Medical Center,NE,2,2,25,
181464,University of Nebraska-Lincoln,University of Nebraska-Lincoln,NE,5,2,15,
182281,University of Nevada-Las Vegas,University of Nevada-Las Vegas,NV,5,2,16,
182290,University of Nevada-Reno,University of Nevada-Reno,NV,5,2,16,
183071,University of New Hampshire at Manchester,University of New Hampshire at Manchester,NH,1,2,21,
183257,University of New Hampshire College of Professional Studies Online,Granite State College,NH,2,2,22,
182829,University of New Hampshire-Franklin Pierce School of Law,University of New Hampshire-School of Law,NH,1,2,31,
183044,University of New Hampshire-Main Campus,University of New Hampshire-Main Campus,NH,4,2,16,
187985,University of New Mexico-Main Campus,University of New Mexico-Main Campus,NM,5,2,15,
159939,University of New Orleans,University of New Orleans,LA,3,2,16,
101879,University of North Alabama,University of North Alabama,AL,3,2,18,
199111,University of North Carolina Asheville,University of North Carolina at Asheville,NC,2,2,21,
199120,University of North Carolina at Chapel Hill,University of North Carolina at Chapel Hill,NC,5,2,15,
199139,University of North Carolina at Charlotte,University of North Carolina at Charlotte,NC,5,2,16,
199148,University of North Carolina at Greensboro,University of North Carolina at Greensboro,NC,4,2,16,
199281,University of North Carolina at Pembroke,University of North Carolina at Pembroke,NC,3,2,18,
199184,University of North Carolina School of the Arts,University of North Carolina School of the Arts,NC,2,2,30,
199218,University of North Carolina Wilmington,University of North Carolina Wilmington,NC,4,2,18,
200280,University of North Dakota,University of North Dakota,ND,4,2,16,
136172,University of North Florida,University of North Florida,FL,4,2,18,
482680,University of North Georgia,University of North Georgia,GA,4,2,19,
227216,University of North Texas,University of North Texas,TX,5,2,15,
484905,University of North Texas at Dallas,University of North Texas at Dallas,TX,2,2,20,
228909,University of North Texas Health Science Center,University of North Texas Health Science Center,TX,2,2,25,
127741,University of Northern Colorado,University of Northern Colorado,CO,4,2,16,
154095,University of Northern Iowa,University of Northern Iowa,IA,4,2,18,
207342,University of Oklahoma-Health Sciences Center,University of Oklahoma-Health Sciences Center,OK,2,2,25,
207500,University of Oklahoma-Norman Campus,University of Oklahoma-Norman Campus,OK,5,2,15,
209551,University of Oregon,University of Oregon,OR,5,2,15,
215266,University of Pittsburgh-Bradford,University of Pittsburgh-Bradford,PA,2,2,22,
215275,University of Pittsburgh-Greensburg,University of Pittsburgh-Greensburg,PA,2,2,21,
215284,University of Pittsburgh-Johnstown,University of Pittsburgh-Johnstown,PA,2,2,21,
215293,University of Pittsburgh-Pittsburgh Campus,University of Pittsburgh-Pittsburgh Campus,PA,5,2,15,
217484,University of Rhode Island,University of Rhode Island,RI,4,2,16,
207722,University of Science and Arts of Oklahoma,University of Science and Arts of Oklahoma,OK,1,2,21,
102094,University of South Alabama,University of South Alabama,AL,4,2,16,
218645,University of South Carolina Aiken,University of South Carolina-Aiken,SC,2,2,22,
218654,University of South Carolina Beaufort,University of South Carolina-Beaufort,SC,2,2,22,
218663,University of South Carolina-Columbia,University of South Carolina-Columbia,SC,5,2,15,
218742,University of South Carolina-Upstate,University of South Carolina-Upstate,SC,3,2,22,
219471,University of South Dakota,University of South Dakota,SD,4,2,16,
137351,University of South Florida,University of South Florida-Main Campus,FL,5,2,15,
151306,University of Southern Indiana,University of Southern Indiana,IN,4,2,18,
161554,University of Southern Maine,University of Southern Maine,ME,3,2,18,
176372,University of Southern Mississippi,University of Southern Mississippi,MS,4,2,16,
228635,University of Texas Southwestern Medical Center,University of Texas Southwestern Medical Center,TX,2,2,25,
131399,University of the District of Columbia,University of the District of Columbia,DC,2,1,20,
206084,University of Toledo,University of Toledo,OH,5,2,16,
230764,University of Utah,University of Utah,UT,5,2,15,
231174,University of Vermont,University of Vermont,VT,4,2,16,
233897,University of Virginia's College at Wise,The University of Virginia's College at Wise,VA,2,2,21,
234076,University of Virginia-Main Campus,University of Virginia-Main Campus,VA,5,2,15,
377555,University of Washington-Bothell Campus,University of Washington-Bothell Campus,WA,3,2,18,
236948,University of Washington-Seattle Campus,University of Washington-Seattle Campus,WA,5,2,15,
377564,University of Washington-Tacoma Campus,University of Washington-Tacoma Campus,WA,2,2,18,
101587,University of West Alabama,University of West Alabama,AL,2,2,18,
138354,University of West Florida,The University of West Florida,FL,4,2,17,
141334,University of West Georgia,University of West Georgia,GA,4,2,17,
240268,University of Wisconsin-Eau Claire,University of Wisconsin-Eau Claire,WI,4,2,19,
240277,University of Wisconsin-Green Bay,University of Wisconsin-Green Bay,WI,3,2,20,
240329,University of Wisconsin-La Crosse,University of Wisconsin-La Crosse,WI,4,2,18,
240444,University of Wisconsin-Madison,University of Wisconsin-Madison,WI,5,2,15,
240453,University of Wisconsin-Milwaukee,University of Wisconsin-Milwaukee,WI,5,2,15,
491288,University of Wisconsin-Milwaukee Flex,,,,,,
240365,University of Wisconsin-Oshkosh,University of Wisconsin-Oshkosh,WI,4,2,18,
240374,University of Wisconsin-Parkside,University of Wisconsin-Parkside,WI,2,2,21,
491297,University of Wisconsin-Parkside Flex,,,,,,
240462,University of Wisconsin-Platteville,University of Wisconsin-Platteville,WI,3,2,18,
240471,University of Wisconsin-River Falls,University of Wisconsin-River Falls,WI,3,2,19,
240480,University of Wisconsin-Stevens Point,University of Wisconsin-Stevens Point,WI,3,2,20,
240417,University of Wisconsin-Stout,University of Wisconsin-Stout,WI,3,2,18,
240426,University of Wisconsin-Superior,University of Wisconsin-Superior,WI,2,2,22,
240189,University of Wisconsin-Whitewater,University of Wisconsin-Whitewater,WI,4,2,18,
240727,University of Wyoming,University of Wyoming,WY,4,2,16,
196307,Upstate Medical University,Upstate Medical University,NY,2,2,25,
230728,Utah State University,Utah State University,UT,5,2,16,
230171,Utah Tech University,Dixie State University,UT,3,2,23,
230737,Utah Valley University,Utah Valley University,UT,5,2,20,
141264,Valdosta State University,Valdosta State University,GA,4,2,17,
138187,Valencia College,Valencia College,FL,5,2,14,
200572,Valley City State University,Valley City State University,ND,2,2,22,
231165,Vermont State University,Vermont Technical College,VT,2,2,23,
152637,Vincennes University,Vincennes University,IN,4,2,14,
234030,Virginia Commonwealth University,Virginia Commonwealth University,VA,5,2,15,
234085,Virginia Military Institute,Virginia Military Institute,VA,2,2,21,
233921,Virginia Polytechnic Institute and State University,Virginia Polytechnic Institute and State University,VA,5,2,15,
234155,Virginia State University,Virginia State University,VA,2,1,19,
236887,Walla Walla Community College,Walla Walla Community College,WA,2,2,9,
156082,Washburn University,Washburn University,KS,3,2,19,
206446,Washington State Community College,Washington State Community College,OH,2,2,6,
236939,Washington State University,Washington State University,WA,5,2,15,
181783,Wayne State College,Wayne State College,NE,2,2,19,
172644,Wayne State University,Wayne State University,MI,5,2,15,
229799,Weatherford College,Weatherford College,TX,3,2,1,
230782,Weber State University,Weber State University,UT,5,2,18,
236975,Wenatchee Valley College,Wenatchee Valley College,WA,2,2,5,
216764,West Chester University of Pennsylvania,West Chester University of Pennsylvania,PA,4,2,18,
237932,West Liberty University,West Liberty University,WV,2,2,22,
125471,West Los Angeles College,West Los Angeles College,CA,4,2,5,
229814,West Texas A & M University,West Texas A & M University,TX,3,2,18,
237880,West Virginia School of Osteopathic Medicine,West Virginia School of Osteopathic Medicine,WV,1,2,25,
237899,West Virginia State University,West Virginia State University,WV,2,1,21,
238032,West Virginia University,West Virginia University,WV,5,2,15,
237686,West Virginia University at Parkersburg,West Virginia University at Parkersburg,WV,2,2,23,
237950,West Virginia University Institute of Technology,West Virginia University Institute of Technology,WV,2,2,22,
200004,Western Carolina University,Western Carolina University,NC,4,2,18,
128391,Western Colorado University,Western State Colorado University,CO,2,2,20,
130776,Western Connecticut State University,Western Connecticut State University,CT,3,2,19,
149772,Western Illinois University,Western Illinois University,IL,4,2,18,
157951,Western Kentucky University,Western Kentucky University,KY,5,2,18,
172699,Western Michigan University,Western Michigan University,MI,5,2,16,
182564,Western Nevada College,Western Nevada College,NV,2,2,14,
188304,Western New Mexico University,Western New Mexico University,NM,2,2,19,
210429,Western Oregon University,Western Oregon University,OR,3,2,19,
237011,Western Washington University,Western Washington University,WA,4,2,18,
240693,Western Wyoming Community College,Western Wyoming Community College,WY,2,2,6,
168263,Westfield State University,Westfield State University,MA,3,2,19,
237039,Whatcom Community College,Whatcom Community College,WA,2,2,2,
156125,Wichita State University,Wichita State University,KS,4,2,16,
231624,William & Mary,College of William and Mary,VA,3,2,16,
187444,William Paterson University of New Jersey,William Paterson University of New Jersey,NJ,4,2,18,
175272,Winona State University,Winona State University,MN,3,2,19,
199999,Winston-Salem State University,Winston-Salem State University,NC,3,1,19,
218964,Winthrop University,Winthrop University,SC,3,2,18,
168430,Worcester State University,Worcester State University,MA,3,2,18,
206613,Wright State University-Lake Campus,Wright State University-Lake Campus,OH,2,2,22,
206604,Wright State University-Main Campus,Wright State University-Main Campus,OH,4,2,17,
237109,Yakima Valley College,Yakima Valley College,WA,2,2,14,
106148,Yavapai College,Yavapai College,AZ,3,2,5,
206695,Youngstown State University,Youngstown State University,OH,4,2,18,
204255,Zane State College,Zane State College,OH,2,2,5,